Date,Others,Tara BESS,BizDev & Carbon,GTB ,KBC Industrial,Hai Phong Green,CEBA Academy,REI & Peak,CPI ,DOS/NREL ,NIRAS/GEAPP,,,,,,,,,,,,
2025-12-29,"- 2025 reflect and planning for New Year 
- 4 days holidays ","- Review Ecoplexus report and model (all) 
- BESS case study on Canvas for Tara (Anh/Cong)",- Follow with VIOT on Amaccao and Verra posting (Tung/Hang),"- Update financed emission report with BIDV feedback (Hang/Trang))
- Cont finalize reports for TCB (Hang/Trang/Anh)
",,- Cont. pending further update from Loan after call (Hang/Tung),,,,,,,,,,,,,,,,,
2025-12-22,- Tinh discussion for early 2026,"- Final simulate Ecoplexus project using new model and test validity (Cong/Tung/Rob)
- Share Ecoplexus report for internal review (Cong/Tung/Rob)
- BESS case study on Canvas for Tara (Anh/Cong)","- Arrange meeting with Tara if possible (Tung)
- Follow up with VIOT on Amaccao (Hang/Marc)
- Follow up with Allcot (now Kcarbon X) on NDA (Hang/Tung)
","- Cont.. finalize reports for BIDV (Hang/Tung/Anh)
- Cont. summarize key changes for PCAF new versions (Hang/Trang/Tung)

",- Finalize term sheet penalty and legal structure (Marc/Bob/Ethan),- Pending further update from Loan after call (Hang/Tung),,,,,,,,,,,,,,,,,
2025-12-15,- Leave plan for Xmas and New Year (all),"- Cont.. simulate Ecoplexus project using new model and test validity - private grid sale (Cong/Tung/Rob)
- Final week before thesis submission (Tinh/all)
- BESS case study on Canvas for Tara (Lauren/Anh/Cong)","- Share NDA with VinaCarbon (Tung/Lauren)
- Follow up with VIOT on next steps (Hang/Marc)
- Prep and summarize Tara meeting (Tung/all)
- Finalize CPI Lab proposal (all)
- Prep and summarize BII meeting (Tung/Cong)h","- Cont. finalize reports for BIDV and TCB (Hang/Tung/Anh)
- Scope 3 nonfinance emission request (Hang/Tung)
- Summarize key changes for PCAF new versions (Hang/Trang/Tung)
",- Translate KBC slides + send back materials to BD team (Anh/Trang/Tung),- Cont.. update with DAE new contact and report progress with KBC (Tung/Hang),"- Finalize pitch deck and question list for consultation (Aiden/Michelle/Anh)
- Send Corrina interview analysis by 18th Dec (Anh/Trang)
- Prep and execute CEBA consultations (Anh/Aiden/Michelle)","- Update Tsheet & invoice (all)
- Next steps with ENS (Rob/all)",,,,,,,,,,,,,,,
2025-12-08,- Hang & Trang domain presentation (Hang/Trang),"- Cont. simulate Ecoplexus project using new model and test validity - private grid sale (Cong/Tung/Rob)
- Cont. Tinh final sprint on thesis (Tinh/all)
- Presentation for Tara (Tung/Cong/Anh)
- Cont. test fundamental validity of new Excel model (Rob/Tung/Cong)","- Support with Lab CPI proposal (Michelle/all)
- Visit KBC HO and facilicate next steps (Marc/Hang/Anh/Trang)
- Next steps with Amaccao, Idemitsu, Vinfast and Vinacarbon (Marc/Tung/Hang)
- Schedule meeting with Yen before holiday (Tung/Hang/Anh)","- Review financed emission changes after PCAF update (Hang/Tung/Anh)
- Finalize reports for BIDV and TCB (Hang/Tung/Anh)
- Presentation for Tara (Tung/Hang)
","- Review term sheet and connect with sales team for pipelining (Marc/all)
",- Cont. update with DAE new contact and report progress with KBC (Tung/Hang),"- Review and finalize for Michelle (Tung)
- Draft  and share visual presentation of cohort concept (Anh/Aiden/Michelle)
- Outreach list, consultation questions (Anh/Aiden/Michelle)",- BESS system RFI (Anh/Cong/Rob),,,,,,,,,,,,,,,
2025-12-01,"- Trang out on Monday due to Influenza A
- Update on Perplexity invoicing (Tung)
- Marc visiting HCMC and HN this/next week (all)","- Share EYA results with Ecoplexus and Tara (Tung)
- Simulate Ecoplexus project using new model and test validity - private grid sale (Cong/Tung/Rob)
- Test fundamental validity of new Excel model (Rob/Tung/Cong)
- Cont. draft outline for Ecplx reporting - PPT (Anh/Tung/Cong)
- Tinh final sprint on thesis (all)b","- Marc visit in HCMC - Vinacarbon outreach, GreenCarbon, KBC (Tung/Cong/Hang)
- Marc visit in Hanoi - Mr. Tho, WtE (Hang/Anh/Tung)
- Finalize PUR carbon proposal dev (Marc/Aiden/Lauren)
- Good Fashion Fund briefing and follow up (Michelle/all)
- RFP for carbon project Sing-VN - email internal (Hang/Tung)
","- PCAF coordination for next steps - time, letter, discount (Hang/Tung)
- Finalize report for BIDV financed emission assessment (Hang/Anh/Tung)
- Share recent reports internally with Michelle and Lauren for TCB/ BIDV (Hang/Tung)
- Find and share corporate transition plan with Lauren and Michelle (Anh/Tung)
- SLL coordination with BIDV for next steps (Anh/Tung)
- Emission intensity database, financed emission to risk cal (Trang/Tinh/Tung)","- Lunch with KBC key contacts and align on final details (Marc/Cong/Tung)
- Cont... build upon KBC IP & tenants database (Trang/Tinh/Tung)",- Update with DAE new contact and report progress with KBC (Tung/Hang),"- Draft visual presentation of cohort concept (Anh/Aiden/Michelle)
- Begin outreach with selected brands and suppliers (Anh/Aiden/Michelle) - delay til 15th
- Review TAM’s outline (Anh/all) - Dec 5th
","- Next steps with ENS Foam (Rob/Anh)
- Preparation for Oliver's trip? (Rob/all)
- Update Tsheet (Tung/Cong/Trang)",,,,,,,,,,,,,,,
2025-11-24,"- Tung on leave Friday
- Update legal register (Trang)","- Finalize and share EYA with Ecoplexus and Tara - parameters, Michelle inputs (Tung/Anh/Cong)
- Note on EYA report = interim report/appendix (Tung/Michelle)
- Update and customize model for 2-part tariff, utility solar and Ecoplexus (Cong/Tung/Rob)
- Tinh thesis progress check-in (Tinh/Tung/Cong)","- Share C&I engagement options with Michelle for next step (Tung)
- Standby for Seraphinn WtE (Hang/Tung)
- IKI grant opportunity discussion (Hang/Michelle/Lauren)","- SLL confirmation (Lauren/Michelle/Anh)
- Preparation for PCAF (Tung/Hang/Anh)
- Finalize reports for BIDV non financed and financed emission (Hang/Trang/Tung)
- Climate intel for 2026 - emission intensity database, financed emission to risk cal (Trang/Tinh/Tung)","- Plan meetings for Marc visit (Tung/Cong)
- Cont.. build upon KBC IP & tenants database (Trang/Tinh/Tung)",- Final engage with DAE and report progress with KBC (Tung/Hang),"- Follow up Goertek with email (Cong/Anh)
- Finalize timeline and list of questions for sharing (Anh/Aiden/Lauren)
- Further outreach for 6 months interview (Anh/Trang)
- SOW Q4: List of 8-10 brands/suppliers to conduct outreach (Anh)
- Draft Concept Note and Pitch Deck (Anh/Aiden/Lauren)
- Review TAM’s outline (Anh/all)","- Engage other vendors for ENS Foam - Stride, others (Anh/Rob)",,,,,,,,,,,,,,,
2025-11-17,baby shower when??? - :)) not soon,"- Cont. review EYA results, cover and provide feedback (Rob/Tung/Anh)
- Finalize EYA cover page for internal review (Cong/Anh)
- Update and customize model for utility solar and Ecoplexus (Cong/Tung/Rob)
- Draft outline for Ecplx reporting - PPT (Anh/Tung/Cong)","- GAP proposal for VN and IN (Michelle/Rob/Tung)
- Seraphinn WtE site visit prep - tentative (Hang/Tung)
- PUR carbon proposal dev (Hang/Michelle/Aiden)","- BIDV & PCAF facilitation where required (Hang/Tung)
- BIDV & SLL alignment on next steps & deliverables (Anh/Tung/Hang)
- Draft reports progress for November deadline? (Hang/Tung/Anh)
- Brainstorm and test emission intensity relevance to Vietnam economy - CEDA database (Hang/Trang/Tinh)","- Finalize thesis first draft for submission with supervisor (Tinh/Tung)
- Cont. build upon KBC IP & tenants database (Trang/Tinh/Tung)
- Cont.. modelling update for 2-part tariff opt (Tung/Rob/Cong)",- Cont... engage with DAE for official confirmation (Hang/Tung),"- CEBA new SOW discussion and planning - timeline to be shared with CEBA (all)
- Share holidays in Jan and Feb 2026 with CEBA (Anh/Tung)
- Create draft list of questions for engagement - flag overlap with 6-months (Anh/Michelle/Aiden/Lauren)
- Interview request email (Anh/Trang)","- Reach out Coco, Vu Phong for Rob (Anh/Rob)
- Cont.. coordinate with Jinquan for next steps - SmartSolar, JQ, REI (Anh/Cong)",,,,,,,,,,,,,,,
2025-11-10,"- Co-meeting space options (Trang/Hang)
- Financed emission tool zfolio/Sweep/Others... (Hang/Trang)v","- Review EYA results and provide feedback (Rob/Tung/Anh)
","- Prep for GENCO3 meeting? (Cong/Tung/Anh)
- Internalize Seth's comments and follow up VIOT (Hang/Aiden/Tung)
- Tinh progress on first draft and questions on data (Tinh/Tung/Cong)
- First meeting for internal carbon team (Erik/Hang/Aiden)","- Response to BIDV feedback on report and tool (Hang/Trang/Anh)
- Prepare for meeting with TCB for financed emission calculation tool on Tue (Hang/Trang/Anh)
- Prepare for meeting with BIDV on emission and SLL (Hang/Anh/Tung)
- Prepare for Scope 3 non financed calculation tool for BIDV (Hang/Trang/Anh)","- 3rd meeting on arrangement between AP and KBC (Marc/Ethan)
- Build upon KBC IP & tenants database with further info on brands & RTS (Trang/Tinh/Tung)
- Cont. modelling update for 2-part tariff opt (Tung/Rob/Cong)","- Cont.. engage with DAE for official confirmation (Hang/Tung)
- Cont. brainstorm for in-person meeting/workshop KBC/Tara (Tung/Anh/all)","- Follow up with CEBA 6-month tasks (Anh/Trang) 
- Reach out to Tina-Luxshare (Trang/Anh)
- Survey completion reminder email by 14th Nov (Anh/Trang)
","- Rooftop solar companies list for ENS Foam (Anh/Cong/Rob)
- Cont. coordinate with Jinquan for next steps - SmartSolar, JQ, REI (Anh/Cong)",,,,,,,,,,,,,,,
2025-11-03,"- 2026 workplan changes? (all)
- Co-working space costly (Trang/Hang)","- Finalize Emivest Slides (Trang/Cong/Tung)
- Share Emivest report and engage Tara/Nami for update (Tung/Cong/Anh)
- Plan project layout, initial steps and estimate timeline for Ecplx modelling - Autocad, pvsyst (Cong/Tung/Tinh)","- Next steps for carbon opps - WtE, Terviva, BPP, PUR (Tung/Hang)
- Cont. Hai Ha IP and mill factories desk research for Gap Inc (Trang/Anh/Tung)
- Tinh progress on literature review and methodology before first submission (Tinh/Tung)","- Rework monthly sheet (Tung)
- Cont. data collection with BIDV for November reporting (Hang/Tung/Anh)
- Update and engage TCB with revised tool (Hang/Trang/Anh)
- Draft and engage BIDV with new SLL ideas (Anh/Tung)
","- Add brands details where possible to IP list (Trang/Tinh/Tung)
- Wait for further update from Marc and Alan on Singapore entity (all)
- Modelling update for 2-part tariff opt (Tung/Rob/Cong)","- Cont. engage with DAE for official confirmation (Hang/Tung)
- Brainstorm for in-person meeting/workshop KBC/Tara (Tung/Anh/all)","- Submit online academy translation validation (Anh/Cong/Hang)
- Check proposal and finalize monthly sheet (Anh/Tung)","- Coordinate with Jinquan for next steps - SmartSolar, JQ, REI (Anh/Cong)",,,,,,,,,,,,,,,
2025-10-27,"- Legal register update - DPPA draft, BESS (Trang)
- Trang side project (Trang/Tung)","- Update and share final analysis and reporting for Emivest for internal review (Cong/Tung/Anh)
- Engage Ecplx for data collection and modelling feedback - delay & timing (Tung/Cong)
- Nami & Emivest engagement on updated modelling (Cong/Tung/Michelle)
- Brainstorm for in-person meeting/workshop (Tung/Anh/all)
- Emivest Slides (Trang/Cong/Tung)","- Hai Ha IP and mill factories desk research for Gap Inc - check data (Trang/Anh/Tung)
- Prep for Terviva engagement on pongamia (Tung/Hang)
- PUR cocoa carbon project discussion (Tung/Hang)","- Cont. TCB tool and data review for next steps (Tung/Hang/Trang/Anh)
- Cont. prelim brief to pivot SLL workplan using market reference from other countries/regions (Anh/Tung)
- Resume data collection with BIDV for November reporting (Hang/Tung/Anh)
","- Modelling update for implication of 2-part tariff on solar+storage optimization (Cong/Tung)
- Cont. review IP portfolio under KBC and data extraction (Trang/Anh/Tinh)
- Brainstorm and draft joint venture agreement with KBC (Marc/Michelle/Rob/all)
","- Update monthly workplan sheet using new proposal (Hang/Trang/Tung)
- Cont engage with DAE with revised proposal and MOU (Hang/Tung)","- Review new SOW and draft proposal for CEBA (Michelle/Anh/Hang/Trang)
- Online Academy translation validation (Anh/Trang/Tinh)
- Review thesis workplan and draft presentation (Tinh/Tung)","- Review offers from CocoSolar and Entoria (Cong/Anh)
- Engage Viettel Construction introduced by Hue REI (Trang/Anh)
- Coordinate with Jinquan for next steps (Anh/Cong)",,,,,,,,,,,,,,,
2025-10-20,"- Carbon market training (Anh/Hang/Trang)
- CFE 24/7 SG workshop (Erik)
- Pickleball idea - frisbee ","- Review data request for modelling and send Ecplx (Tung/Cong/Rob)
- Improve modelling, reporting and analysis for Emivest (Cong/Tung/Rob/Anh)
- Start early work on Ecplx modelling and reporting (Cong/Anh/Tung)
","- Terviva prep (Tung)
- GAP call 
- Next steps with Amaccao/Seraphinn - site visit and data request (Tung/Hang)
- Cont. carbon project document RAG/wrapper approach (Tinh/Aiden/Hang)
","- Prelim brief to pivot SLL workplan using market reference from other countries/regions (Anh/Tung)
- TCB tool and data review for next steps (Tung/Hang/Trang/Anh)
","- Cont. Tinh weekly workplan for FMP thesis (Tinh/Tung)
- Review IP portfolio under KBC and recommend top 3-4 IPs or tenants for further engagement and data request (Trang/Cong/Rob/Michelle)
- IP Data Extraction (Trang/Anh)
","- Confirm next steps with KBC - Aus visit, MOU (Tung/Hang)
- Engage with DAE with revised proposal and official dispatch (Hang/Tung)
- Hai Phong Leaders' work schedule when training abroad","- Support Corrina with 6-months check in (Anh/Trang/Tung)
- Further support for online Academy this week (Anh/Trang/Tinh) ","- Share i-RECs service or vendor list with Hue REI (Anh/Trang/Hang/Lauren)
- Resolve questions/ideas from George Jinquan (Cong/Rob/Tung)
- Follow up with CocoSolar and Entoria (Trang/Anh/Cong)",,,,,,,,,,,,,,,
2025-10-13,"- EAVCED training DPPA (5&6/11) (Trang/Cong/Tung)
- DFAT workshop
- HN 7th November (Tung)
","- Review draft report for Emivest (Cong/Tung/Rob/Anh)
- Reconnect with Ecoplexus for meeting arrangement (Tung)
- Request Ecplx data for modelling (Cong/Tung)
","- Amazon Device energy audit request discussion - outsource staff, personnel cert - MOIT (all)
- Seraphinn/Amaccao meeting (Hang/Aiden/Tung)
- GAP proposal (Michelle/Cong/Rob/Tung)
- Cont. carbon project document RAG/wrapper approach (Tinh/Aiden/Hang)","- Review updated tool for further sharing (Tung/Hang)
- Resume data collection and review for upcoming draft GHG assessment report (Hang/Trang/Anh)
- Brainstorm ideas to pivot SLL workplan using market reference from other countries/regions (Anh/Tung)","- Complete pitchdeck and share with KBC (Marc/Rob/Cong/Michelle)
- Tinh weekly workplan for FMP thesis (Tinh/Tung)
","- Finalize ENG and VIE proposal for sharing with KBC (Michelle/Marc/Hang/Trang)
- Draft MOU for Hai Phong based on proposal (Hang/Trang)
- Follow up with KBC and Saigontel on next steps (Tung/Hang)
","- Support with translation (Anh/Trang)
- Support with 6-month process (Anh/Trang)
- Review future retail tariff brief and 2-part pricing structure (Tung/Trang/Cong) ","- REI request for i-RECs service or vendor list (Anh/Trang/Lauren)
- Coordinate next steps with Jinquan and others (Anh/Cong/Trang)",,,,,,,,,,,,,,,
2025-10-06,"- BKK update
- Coworking space (Trang/Tung)
- DFAT carbon presentation (Hang/Lauren/Tung)","- Cont. draft report for Emivest (Anh/Cong/Tung)
- Cont. engage Ecoplexus for project data and feedback (Tung/Cong)
- FMP thesis update and review (Tinh/Tung/Cong/Rob)
- Introduce STB Giga to PHL team (Cong)","- Discuss internally on WtE Doxaco and possibly Seraphinn project (Hang/Marc/Aiden)
- Carbon project document RAG/wrapper approach (Tinh/Aiden/Hang)
","- Revise and update financed emission tool with BIDV feedback (Trang/Hang)
","- KBC pitch deck near completion - stats, graphs, visual (Michelle/Cong/Rob/Tung/Marc)","- Finalize proposal for internal sharing -  language, carbon, Tara, Josh (Tung/Hang/Marc)
",- 6-month follow up,"- Summarize meeting outcomes for REI and others (Anh/Cong/Trang)
- Review and discuss new offer from SmartSolar (Cong/Anh/Tung/Rob)
",,,,,,,,,,,,,,,
2025-09-29,"- BPP Showcase in CanTho
","- Progress update presentation for Tara (Anh/Cong/Trang)
- Draft report for Emivest (Anh/Cong/Tung)
- FMP thesis update and review (Tinh/Tung/Cong/Rob)
- Discuss BESS model with Ecoplexus and test project data (Cong/Tung/Anh)
","- KBC pitch deck sharing - IP landscape; KBC opportunity (Cong/Aiden/Rob/Marc)
- VIOT WtE project survey (Hang/Tung/Aiden)
","- Progress update presentation for Tara (Hang/Anh/Trang)
- Discuss request from BIDV - call Linh (Hang/Tung/others)
- Finalize and submit Scope 1& 2 report for BIDV (Hang/Tung/Anh)",,"- Next steps with Hai Phong, DAE and KBC (Hang/Marc/Tung/KBC)
","- Share photos and materials with brand reps - Nike, lululemon, REI (Anh/Trang)
- [delayed] Digital Content Translation Review (Anh/Trang/Tinh)
- Draft future retail electricity price (Trang/Tinh)",- Support meeting between Jinquan and SmartSolar (Cong/Anh/Trang),"- Review sensitive content for public version (Anh/Trang/Tung)
- Share public version (Anh/Trang/Tung)",,,,,,,,,,,,,,
2025-09-22,"- Tara catch up timing (Tung)
- KBC Data Center POC follow up (Tung)
- Tung on leave Wed, Fri","- Select one btm site for reporting (Cong/Tung/Anh)
- Connect with Hien and Ecoplexus technical team in Turkey for BESS model feedback (Cong/Tung/Rob)","- UNDP proposal follow up (Tung/Michelle/Lauren)
- KBC pitch deck finalizing - IP landscape; KBC opportunity (Cong/Aiden/Rob/Marc)
- WtE carbon and data request form follow up (Marc/Hang/Aiden)
- Retail price, FMP, RAG & supply chain data projects (Tinh/Trang/Aiden)","- Follow up with BIDV on training date (Hang/Tung/Anh)
",,"- Follow up with DAE and Mr Duong for next step with Hai Phong (Hang/Tung)
","-Linkedin post (Anh/Lauren) 
-CEBA post-event emails: facilitators-speakers-participants","- Review offer from SmartSolar (Cong/Rob/Anh)
","- Slide for Bangkok Climate Week (Anh/Trang/Tung)
- Review sensitive content for public version (Anh/Trang/Tung)",,,,,,,,,,,,,,
2025-09-15,"- Retail price, FMP, RAG & supply chain data projects (Tinh/Trang/Aiden)","- Check in with Ecoplexus on model feedback (Cong/Tung)
- Translate and review Vinergo model (Trang/Cong/Rob)","- Quick note/email recap GEAPP event and share materials (Cong/Anh)
- Big picture KBC pitch deck drafting (all)
","- Follow up with BIDV on financed emission calculations (Hang/Trang/Tung)
",,- Follow up with KBC on update for Hai Phong (Tung) ,"- Print with VAT (Trang/Tung)
- Finalize logistics - ? (Anh/Trang)
- Finalize content and translation (Anh/all)
- Prep for video interview ",- Update Tsheets with recent hours for REI (Cong/Anh),,,,,,,,,,,,,,,
2025-09-08,"- Marketing slidedeck input (Trang/Hang)
","- Check in with Ecoplexus on model feedback (Cong/Tung)
","- Brainstorm industrial park project (Marc/Cong/Tung)
- KBC DC deck sharing (Tung)
- Follow up lululemon if no response (Tung)
- Gather BESS insights during GEAPP event (Cong/Anh)","- Share the Scope 1&2 tool (instruction and survey form) to TCB (Hang/Tung/Trang)
- Share financed emission tool with BIDV (Hang/Tung/others)
- Prepare for BIDV financed emission tool (Tinh/Trang/Hang)",,- Follow up with KBC on update for Hai Phong (Tung) ,"- Send confirmation email (Trang/Anh)
- Finalize slides - external, DPPA (Anh/Tung/Aiden/Cong)
- Start slide translations (Anh/Trang/Tinh)
- Logistics final - coordinators, tables, Slido, printing (Trang/Anh/Hang/others)","- Faciliate call and site visit for Jinquan (Trang/Anh/Cong)
- Review offer from SmartSolar (Cong/Rob/Anh/Tung)
- Share ENS Solution results (Aiden/Trang/Rob)",- Final update for report (Anh/Trang),,,,,,,,,,,,,,
2025-09-03,"- Legal register review (Trang/Tung)
- Research EVN retail market pricing increase given local policies and context (Tinh/Trang)","- Exchange data with Ecoplexus where necessary (Cong/Tung)
- Follow up with Vero on workshop (Tung/Anh/Trang)","- ETP industrial park submission (Tung/Michelle/Lauren)
- Submit lululemon revision (Tung/Rob/Michelle)
- WtE carbon example (Aiden/Hang)
- Request more information for ViOT carbon project (Hang/ Tung)
- RAG for carbon PDD - Google Agentspace? (Tinh/Trang/Aiden)","- Follow up on client transition support for TCB (Tung)
- Complate the draft financed emission calculation example for BIDV (Hang/ Trang/ Tung)
",,,"- Finalize slides for training - carbon (Anh/Cong/Hang/Aiden)
- Interactive exercise - tables, DPPA (Anh/Trang/Aiden)
- Final logistics and external coordination (Anh/Trang)
- Shreeya's translation request (Anh/Trang/Tung)","- SmartSolar and Jinquan coordination for next steps (Cong/Anh)
- ENS Solution check results (Trang/Cong/Aiden/Rob)","- Review final draft for final report (Tung/Lauren)
- Submit final draft for internal (Tung)",,,,,,,,,,,,,,
2025-08-25,"- Holiday leave (all)
- Legal register update (Trang/Anh/Hang)
- TransitionZero Hai Phong solar projects (Tinh/Trang)","- Sensitivity and stress test new Excel model using projects data - Emivest, Sonion (Rob/Tung/all)
","- Hyosung questions (?)
- Follow up with lululemon (Tung)
- Review FMP analysis with Tinh (Cong/Tung/Rob) 
- Consider researching prediction for Pcl, cDPPA, retail electricity prices (Tung/Cong/Tinh)","- Resolve BIDV concerns on methodology and data collection - internal (Hang/Trang/Anh/PCAF?)
- Scope 3 calculation tool (Hang/Trang/Tinh)
- Biweekly meeting with BIDV (Hang/Tung)
- Follow up on carbon market Q&A (Hang/Tung)
- Review VBA and brainstorm security issues for banks (Tung/Tinh/Trang/Anh)",,"- Share internal SOW and finalize next steps with KBC (Tung/Hang)
","-  Cont. prepare slides for trainings - DPPA pricing, carbon (Cong/Hang/Anh/Trang)
- Coordinate with speakers and facilitators - slides
- Wait for Corrina's confirmation on lululemon email batch (Anh/Tung)","- Delegate ENS analysis to Trang and Aiden (Rob/Cong/Aiden/Trang)
- Follow up with REI and Jinquan on data request (Anh/Cong)","- Obtain feedback from CPI on draft report  (Anh/Tung)
- Submit final invoice for report (Lauren)",,,,,,,,,,,,,,
2025-08-18,"- Support Lauren with DFAT drafting (Hang/Aiden) 
- Support Marc with SAF situation in VN (Anh/Tung)
- Legal/policy register continuation (Trang/Tung/others)","- Internal sharing of Excel method and model (Cong/all)
- Setup call with Ecoplexus later this week (Cong/Tung)
- Feedback on FMP methodology and analysis by professor (Tinh/Tung)","- Submit lululemon proposal and request for call (Tung)
- Brainstorm ideas for industrial park pitch for KBC following DOS/NREL (all) ","- Carbon market presentation for Techcombank (Hang/Aiden/Trang/Tung)
- Support chi Tu and Dau on SLL execution? (Anh/Tung)",,"- Share WB LCCP materials with DAE (Tung)
- Revise proposal with focus on carbon market support and Decision 226 (Tung/Hang/Aiden)
- Update Josh on CarbonSim timing (Tung)","- CEBA Backdrop update? (Trang/Anh)
- Prepare slides for trainings - DPPA pricing, carbon (Cong/Hang/Anh/Trang)
- CEBA quiz presents (Trang/Anh)
- Support for Rob first visit to Vietnam - visa, hotel guide (Trang/Tung)
- Check with Sofitel on a room for Interview (Trang)","- Assess potential with SmartSolar (Cong/Anh)
- ENS Solution data analysis (Cong/Rob/Trang/Aiden)","- Submit draft final report (Anh/Tung/Lauren)
- Answer further questions from Albertus on fiscal study and TOR (Anh/Tung/Michelle)",2025-08-19,"- Carbon market presentation for Techcombank (Hang/Aiden/Trang/Tung)
- Resolve BIDV concerns on methodology and data collection - internal (Hang/Trang/Anh/PCAF?)
- Support chi Tu and Dau on SLL execution? (Anh/Tung)
- Review VBA and brainstorm security issues for banks (Tinh/Trang/Anh)",,,,,,,,,,,,
2025-08-11,"- Co-working space updated proposal (Trang/Hang/Tung) 
- Labor contracts processing (Trang/Hang) 
","- Ecoplexus EVN utility + storage resolve issues - PowerBI (Cong/Tinh/Trang/Tung)
- Further exercise for Trang and others (Cong/Trang)
- Review of PHL/LUPA utility solar+storage model (Cong/Svetlana/Erik/Sam)","- Revise and submit lululemon proposal (Tung/Michelle/Rob/Cong)
- Discuss collab opportunities with InfraCo (Tung/Cong)
- DPPA charge/fee projection along with FMP (Tung/Tinh)","- BIDV progress report/email  (Hang/Tung/Anh)
- BIDV branches training 12/8 (Hang/Anh/Trang)
",,"- Revise scope of work to remove excessive areas (Tung/Hang/all)
- Draft presentation slide for meeting with Hai Phong (Hang/Tung)
- Meeting with Hai Phong (new PIC-Mr.Thuấn?) 15/8","- Venue selection and onboarding (Anh/Tung/Lauren)
- Coordinate with external speakers (Anh/Trang)
- First round invitation (by 15/08) (Anh/Trang/Tung) ",- OPEX support,"- Cont. drafting final report with thoughts for future collab (Tung/Michelle/Lauren)
- Discuss with Albertus any fiscal policy study (Tung/Anh)",,,,,,,,,,,,,,
2025-08-04,"- BPP drafting (Hang/others)
- Carbon ETS follow up (Tung/Hang)
- Co-working space meeting (Tung/Hang/Trang) 
","- Ecoplexus EVN utility scale solar + storage progress - PowerBI (Cong/Tung/Rob)
- Sample BESS modelling exercise (Trang/Cong/Anh)
- Vero follow up (Tung/Anh)
","- PUMA polite decline (Tung/Michelle)
- FMP projection for DPPA valuation and RE developer perspective (Tinh/Cong/Tung/Rob)
- Saint Gobain NDA & proposal submission (Tung)
- lululemon follow up - HK black rain (Tung)","- Review VBA/Python guidance and user test for Scope 1 2 (Tinh/Trang/Hang/Anh)
- Reconnect with BIDV for next steps (Hang/Tung/Anh)
- CDP data sharing next steps (Hang)
",,"- Align with KBC on new content and engagement (all)
- Call with Josh on Hai Phong (Tung)
- Reconnect with Hai Phong City on revised proposal and dates (KBC/Hang/Tung)","- Submit Alpha review (Anh/Aiden/Tung)
- External speakers potential list (Anh/Tung/Cong/Hang)
- Chinese translator (Anh/Trang/Hang)
- Venue booking (Trang/Anh/Hang)
- Review supplier mapping (Tung/Aiden/Tinh/Michelle)
",- Align on next steps for Jinquan with REI (Tung),"- Review CPI fiscal study for Vietnam and brainstorm what is next for partnership (Anh/Tung/Michelle)
- Final report drafting 2 (Anh/Trang/Tung/Aiden/Lauren)
- Media coverage by HSBC and Eurocham inclusion in final report (Anh/Trang/Tung)
",,,,,,,,,,,,,,
2025-07-28,"- Giando NDA (Tung)
- Vero NDA (Tung)","- Review of PHL/LUPA utility solar+storage model (Cong/Svetlana/Erik/Sam)
- Ecoplexus EVN utility scale solar+storage model start (Cong/Tung/Tinh/Anh)
- DPPA valuation and strike price options for developers vs buyers (Tinh/Cong/Tung)
- Excel model data input exercise (Cong/Trang/Tung)","- Saint Gobain DPPA consulting pricing, chance and strategy (all)
- Update Sumitomo on carbon market and transition credit? (Tung/Marc)
- DFAT carbon market project review (Hang/Tung/Aiden/Lauren)
- Tung in Hanoi stakeholder engagment? (Hang/Anh)","- Final prep for Techcombank presentation - translation (Trang/Anh/Tung)
- Discuss with Tara on BIDV support (Tung/Anh/Hang) 
- Share Scope 1&2 report with TCB (report + present) (Hang/Anh/Tung)",,"- Josh follow up (Tung)
- Proposal review and KBC follow up (Marc/Aiden/Hang/Tung)
","- Alpha review progress & completion (Anh/Cong/Aiden/all)
- Continue with suppliers mapping using public information 2 (Trang/Tinh/Aiden)
- Venue Quotation for CEBA HCMC (Trang/Anh/Tung)",- Request Stride formal comm to Jinquan (Tung),"- UNEP Carlotta payment (Tung/Anh/Lauren)
- Final report drafting (Anh/Trang/Tung/Aiden/Lauren)",,,,,,,,,,,,,,
2025-07-21,"- Storm and strong wind caution
- Update co-working space options with Singapore and Philippines availaibility (Trang/Hang/Tung)","- Start work on Ecoplexus (Cong/Tung/Tinh)
- Creation of a simplified CfD settlement scenario for DPPA (Tinh/Cong/Tung)
- Nami support - next week ","- Literature review on random walk approach for future market pricing - methodology, commercial cases (Tinh/Cong/Tung)
- Sumitomo meeting (Tung)","- Follow up with BIDV on sector mapping (Hang/Trang/Tinh/Tung)
- Follow up with TCB on next steps (Scope 1&2) (Hang/Tung/Tinh)
- Techcombank strategic collaboration - corporate client green transition (Tung/Anh)
- Work on complete tool package Scope 1&2 for market distribution - team call (Hang/Tinh/Trang/Anh)",,"- Kinetic integration (Tung)
- Follow up with Josh on CarbonSim (Tung)
- Follow up with KBC/Alan on new proposal (Tung/Hang/Marc)","- Alpha review coordination (Anh/Aiden/Tung/others) - Module 3 (Topic 1&3), Module 5 (Topic 1&2)
- Continue with suppliers mapping using public information (Trang/Tung/Michelle)",- Stride outreach and update REI (Tung),"- 4th workshop report submission (Anh/Lauren/Tung)
- Final report outline (Anh/Trang/Tung/Aiden/Lauren)","- Submission of deliverables to NREL (Michelle/Cong/Trang/Anh/Tung)
- IDICO request on case study for grid impact analysis utility (Cong/Tung)",,,,,,,,,,,,,
2025-07-14,"- Trang off 2-days
- Co-working space options - Toong? (Hang/Trang/Anh)","- Presentations for Emivest and Regina (Cong/Trang/Tung)
- Share initial findings with Nami - Emivest (Cong/Trang/Tung)

","- Follow up with Saint-Gobain on SOW and NDA (Tung/Cong/Michelle)
- Follow up with Karan from Kinetic Coalition (Tung)
- Literature review on power market pricing emulation (Tinh/Tung/Cong)
- Follow up ACS 2025 (PUR, Nuao.io, SCG CleanErgy)","- Follow up with Ms.Linh from BIDV on financed emission - reply email, sector mapping (Hang/Tung/Trang/Tinh)
- Resume GTB next steps for BIDV and TCB - RECs (Hang/Tung/Tinh)
",,"- Integrate Hai Phong proposal with carbon market component - ACS & Kinetic Coalition (Hang/Tung/Aiden/Marc)
- KBC payment","- Follow up with Shreeya items in email (Anh/Trang)
","- Kukil preFS assessment - reporting template, data challenge (Cong/Trang/Anh/Rob)
- Data collection - AJ Solution, ENS (Cong/Trang/Rob)
- Chinese speaking support for site in Cambodia (all)","- Post-event follow up - forward email, media review, survey, speakers, audience, partner (Anh/Trang/Tung)
- 4th report outline and drafting (Anh/Tung/Aiden/Lauren)
- Payment process for deliverables (Anh/Lauren/Trang)
- Any issues with final report publishing material? (Tung/Anh)","- Presentations for Emivest and Regina (Cong/Trang/Tung)
- Complete TEA Report for HCA (Rob/Tung/Cong)",,,,,,,,,,,,,
2025-07-07,"- Trang probation sharing (Tung)
- Co-working space options - Toong? (Hang/Trang/Anh)
","- Start work on Ecoplexus - BESS vs DPPA (Cong/Tung/Tinh)
- REOpt solar+storage - Nami Regina replication (Trang/Tung/Cong)

","- Saint-Gobain NDA and SOW (Tung/Anh/Cong/Michelle)
- Update and organize DPPA policy folder (Anh/Trang/Tinh)
- Tinh research proposal progress for Professor review (Tinh/Tung/Cong/Anh)","- GTB 2025 progress presentation for Tara check-in (Tung/Anh/Trang)
- Follow up with Ms.Linh from BIDV (Hang/Tung)
- Develop package (VBA/other-syntax) for TCB on Scope 1&2 data aggregation (Tinh/Trang/Hang)",,- Integrate Hai Phong proposal with carbon market component  (Aiden/Hang/Tung/Marc),"- Continue with suppliers mapping using public information (Trang/Tung/Michelle)
- Update REC and RPS information onto training curriculum - CEBA email (Trang/Anh/Tung)","- Kukil preFS assessment (Cong/Trang/Rob)
- Further support for Peak Design suppliers; wait for ENS & AJ (Cong/Trang/Anh/Rob) ","- Final logistics - printing-RCEE/MC/lunch/others? (Anh/Trang/Tung)
","- Complete TEA Report for HCA (Rob/Tung/Cong)
- Continue 3 site analysis for NREL (Cong/Trang/Anh/Tung/Rob)",,,,,,,,,,,,,
2025-06-30,- Article 6 carbon transaction overview (Aiden/Hang)c,"
","- Tinh final chance for proposal sharing before Tung book a flight to Finland - July 4th/5th (Tinh/Tung/Cong)
- Follow up with PUMA on DPPA training (Tung/Michelle)
- Follow up with SaintGobain DPPA (Anh/Cong/Tung)
- Supply chain and CEBA participants Mapping (Anh/Tung/Trang)
- Resubmit lululemon strategy proposal (Michelle/Tung/Lauren/Rob)
- Submit CEBA Community Development proposal (Michelle/Tung/Anh/Trang)","- Submit timeline for financed emission to BIDV for review (Hang/Tung)
- Re-organize GTB folders for SLL clients with relevant resources for each (Anh/Trang/Hang)
- Prepare for BIDV kick-off meeting on financed emission assessment (Hang/Anh/Tung/Trang)
- Techcombank training for Scope 1&2 Excel tool (Hang/Anh/Tung)
- BIDV Scope 3 email reminder (Hang/Tung)",,- Rethink Hai Phong proposal with carbon market component - LCCP and Article 6 feasibility assessment? (Hang/Aiden/Tung/Marc),"- Post event emails (facilitators & participants) (Anh/Tung/Trang)
- Post event analysis (Anh/Trang)
",- Arrange call with Stride to understand the issue and confirm with REI & Jinquan (Tung/Cong),"- Confirm speakers and additional invitees (Anh/Trang/Tung)
- Follow up logistics with Eurocham (Anh/Trang/Tung)
- Invite Ban ban buon - chi Dau chi Tu to CPI event (Anh/Hang)
- Secure decent turn up for the event (Tung/Anh)
","- Draft TEA Report for HCA (Rob/Tung/Cong)
- Start 3 site analysis for NREL - Kukil/Emivest/Regina full week (Cong/Tung/Rob/Anh)
- Follow up with An Thinh (Tung/Cong)
",,,,,,,,,,,,,
2025-06-23,,"- Start work on Nami solar+storage analysis (Cong/???/Anh/Tung)
- Start work on Ecoplexus","- Follow up with lulu
- Follow up with PUMA
- Follow up with Vingroup","- SLL support (Anh/Hang/Tung)
- Breakdown timeline for BIDV financed emission work (Hang/Tung) ",,,- Execute workshop,"- Start analysis on Kukil? site for DOS/NREL deliverable (Cong/???/Anh/Tung)
- Alternative for Stride and follow up? (Cong/Anh)","- Invite Tara (Tung)
- Invite WB - CPI contact (Anh)
- Support Eurocham with next steps (Anh/Trang/Hang)","- Follow up with An Thinh Hoa Binh
- Start work on Nami solar+storage analysis (Cong/???/Anh/Tung)",,,,,,,,,,,,,
2025-06-16,"- Tsheet completion (Tung/Anh/Cong/Hang)
- Prep for Michelle and Marc
- SolarMapper TransitionZero update Vietnam capacity (Tinh/Cong/Trang)","- Ecoplexus confirmation and start work (Cong/Tung/NREL)
- Nami support for one site? (Cong/Tung/Anh)
- 2nd/3rd site discussion and decision (Cong/Tung/Michelle)
",- Tinh's research proposal for review (Tinh/Tung/Cong),"- TCB Scope 2 calculation verification (Cong/Hang/Tinh)
- BIDV training preparation - Scope 3 nonfinance (Hang/Anh/Tung)
- BIDV financed emission resources preparation (Hang/Anh/Tung)
- GTB Scope 1 & 2 toolkit application and Excel replication (Trang/Tinh/Hang)
- Prep Erik for GTB sharing if needed
- Scope 3 non-financial training (19/07) (Hang/Tung/Trang)",,- Prepare for the 6th proposal by 22 Jun,"- Presentations translation (Anh/Trang/Tinh/Hang)
- Review Vietnam Power Market presentation (Cong/Anh/Aiden/Tung)
- Confirm panelists, facilitators, presentations and participants (Anh/Trang/Aiden)
- Review and finalize interactive exercise (Anh/Tung/Cong)
- Gifts preparation (An.h/Hang/Trang) ~budget 500k ","- Follow up with sites for data collection and initial analysis? (Cong/Anh/Trang)
- Discuss and plan the possibility of preFS assessments by end of June ","- Confirm speakers and participants (Anh/Trang/Hang)
- Coordinate next steps with Eurocham (Anh/Trang/Hang)
-Media confirmation
- Invite TARA",- Follow up with NREL on three potential areas of support (Cong/Tung),,,,,,,,,,,,,
2025-06-09,, ,"- lululemon proposal and quotation (Tung/Cong/Rob)
- Vingroup proposal sharing (Marc/Seth/Lauren/Tung)
- Update Amazon on DPPA submission to NSMO (Tung/Cong)
- Vingroup response for questions (US/Hang/Tung)
- Tinh review additional data and work on thesis (Tinh/Tung/Cong)","- Share with Trang guidance for Scope 1&2 toolkit for review and future replication (Tinh/Hang/Tung)
- TCB sector mapping support (Hang/Tinh/Anh)
- BIDV preparation (Hang/Anh/Tung)",,"- Upsot Mr On director (Hang)
- Update wider team on status ","- Confirm speakers, panelists, facilitators, presentations and participants (Anh/Tung/Aiden)
- Melia final arrangement (Anh/Tung/Lauren)
- Draft and review Vietnam Power Market presentation (Cong/Tinh/Anh/Tung)
- Upload Agenda and Slides (Anh/Aiden/Tung)
- Review interactive exercises for participants (Anh/Aiden/Tung) 
- Translator invoicing (Anh)","- Project folder (Anh/Cong/Rob)
- Share tools and guidance with Trang - OIA case (Anh/Cong/Rob/Tung) 
- Wed call with Peak & supplier (Rob/Anh/Cong)","- Move weekly call timing (Anh/Tung)
- Next steps with Eurocham and logistics (Anh/Hang/Tung)
- Confirm budget for speaker accommodation (Anh/Lauren)
","- UDICO and alternatives for NREL support (Tung/Cong/Michelle)
- Nami data sufficient for a 3rd site under NREL to meet KPI? (Cong/Tung/Michelle)
- Value proposition for industrial parks? (Rob/Marc/Tung/Cong)",,,,,,,,,,,,,
2025-06-02,,"- Potential data collection request for early design of 32MWac solar project in Ninh Sim Khanh Hoa if possible (Cong/Tung/Anh)
- Finalize 2nd site for data analysis - developer/KBC/IDICO/VSIP/SHP/Deep-C/Saigontel (Cong/Michelle/Tung)
- Review data shared by Ecoplexus and discuss next steps (Cong/Tung/Rob/Anh)","- PUMA proposal & sharing (Lauren/Cong/Tung/Michelle)
- Vingroup proposal (Erik/Michelle/Aiden/Hang/all)
- Tinh research question and proposal review (Tinh/Tung/Cong/Rob)","- Share resources for BIDV work and arrange internal call (Hang/Anh/Tinh/Tung)
- TCB sample technical reports - GEAPP & REI presentation after remove site info (Anh/Cong/Tung)
- Coordinate internal call (Hang/Tung/Tinh)
- TCB GHG training Friday (30/05)
- Toolkit for Scope 1&2 self-calculation for banks (Tinh/Hang/Tung)",,"- Public/network share JD for senior advisor (Michelle/Tung/Hang/all)
- Sort out roadblock with DAE director (Tung/Hang/KBC)
- Reminder for advancement with KBC (Tung/Lauren)","- Melia issue to be resolved (Lauren/Michelle/Tung)
- Submit CEBA Digital Content review (Aiden/Anh/Tung)
- CEBA presentation for submission (Aiden/Anh/Cong/Hang/Tung)
- EAC/RECs presentation drafting (Anh/Aiden/Hang/Cong) 
- Confirm participants; facilitators (1-chinese-Lotus); speakers (policy-legal); speakers' deadline (Anh/Hang/Tung)
- Upload photos onto CEBA sharepoint this week (Anh/Hang)",,"- CPI extension sharing (Tung/Lauren)
- Next steps following Eurocham timeline? (Anh/Hang/Tung)","- OpenDSS case study sharing with UDICO existing data (Cong/Tung/all)
- Connect UDICO with NREL given continuation (Tung/Cong/Michelle)",,,,,,,,,,,,,x 
2025-05-26,- Finalize analyst hiring (Michelle/Tung),,"- VinGroup carbon credit slides (Hang/Aiden/Erik/others)
- PUMA proposal (Lauren/Cong/Tung)
- Tinh research question and proposal review (Tinh/Tung/Cong/Rob)
- Amazon follow up - applications being submittef for DPPA (Tung/Michelle?)
- FiinRatings discussion on transition finance (Tung/Anh)",,,"- Share JD for senior advisor (Michelle/Tung/Hang)
- Plan resources for first report (Hang/Tung)","- Review CEBA Digital Content continue (Anh/Hang/Cong/Aiden/Tung)
- Finalize external speakers and facilatators - DPPA, policy (Giles > Ananth), carbon (ALLCOT) (Anh/Hang/Tung)
- Melia issue to be resolved (Lauren/Michelle/Tung)
- CEBA presentation for submission (Aiden/Anh/Cong/Hang/Tung)",- Resolve EAC/REC concerns for Jinquan and REI (Cong/Anh),"- Logistics for 4th WS (9th July) (Anh/Lauren/Hang)
- Finalise topics for 4th workshop - review Eurocham agenda with CPI (Anh/Hang/Tung)
- Review and adjust outline of final report (Anh/Lauren/Aiden/Tung)
- internal Review with CPI (Tung/Anh)","- OpenDSS learning resources and follow up with Haley (Cong/Rob/Tung)
- Follow with UDICO on TEA framework and NREL intro (Tung/Cong)",,,,,,,,,,,,,
2025-05-19,"- Support for LUPA and solar+storage model (Cong/Svetlana/Bob)
- Melia issue to be resolved (Lauren/Michelle/Tung)
- Tara support to be discussed (Tung/Michelle/Marc)
- CEBA sharing on LinkedIn? (Lauren/Anh/Tung)","- Submit BESS policy overview (Tung/Aiden/Lauren)
- Follow up Ecoplexus and kick-off meeting (Tung/Cong/Anh/Aiden)","- PUMA follow up (all) - send a reply next week
- Tinh research question and proposal review - energy market modelling (Tung/Cong/Aiden/Anh/Hang/Rob)","- TCB weekly timeline (Hang/Tung)
- Preparation for BIDV - financed emission, roadmap and SLL (Hang/Anh/Tinh/Tung)
- Transition Finance Framework for Hard to Abate sector call with Tara and FiinRatings (Tung/Anh/Hang)
- Preparation for discussion with FiinRatings and Tara on Transition Finance Framework for BIDV in relation with Decision 198? (Anh/Tung)",,"- Reorganize folder and draft monthly timeline (Hang/Tung)
- Finalize and share JD for senior advisor
- Confirm approval from HP and send invoice to KBC (Hang/Tung/Lauren)","- Thank you email to participants with photos and social media instruction (Tung/Anh)
- Follow up with CEBA weekly tasks (Anh/Tung/Tinh/Hang)
- Finalize external speakers - carbon, RTS, DPPA (Anh/Hang/Tung/Cong)
- Review CEBA Digital Content (Anh/Hang/Cong/Aiden/Tung)
",- Arrange trilateral meeting (Cong/Anh/Tung),- Review and adjust outline of final report (Anh/Lauren/Aiden/Tung),"- Follow up UDICO for further data sharing (Tung/Cong)
- NREL discussion on further technical support (Cong/Rob/Tung)",,,,,,,,,,,,,
2025-05-12,- Process next two candidates (local),- Decision on Ecoplexus next step (all),,"- BIDV preparation and response (Hang/Anh/Tung)
- Plan resources and tools for next phase with TCB and BIDV (Hang/Tung/Tinh)",,"- Hai Phong official docs sign and seal (Hang/Tung)
- Prepare invoice for 1st official payment (all)
- Scan all docs for Lauren and Cherise ",,- Review and share offer from Stride with Jinquan (Cong/Anh/Tung),- Set up a Zoom call with Ms. Chi (15/16),-  Follow up with NREL on grid impact study support (Cong/Tung),,,,,,,,,,,,,
2025-05-05,- Update site analysis package for future RTS or DPPA work (Cong/Aiden),"- Review and share SOW with Ecoplexus (Cong/Tung/Rob)
- Finalize policy content and brainstorm public sharing ideas","- Connect ISPONRE with Marc - polite decline 
","- Plan kick-off with BIDV and TCB (Tung/Hang)
- Kick-off presentations with TCB (Hang/Tung/Anh)",,"- Finalize senior advisor request for interest and share (Tung/Michelle/Hang)
- Scan all docs for Lauren and Cherise 
- Start liaising with DAE and Global Advisory on visit (Hang/Tung)","- Finalize internal slides (Anh/Hang/Tung/Tinh)
- Collect draft presentations from speakers - review SP (Anh/Tung/Cong)
- VNmese and Chinese translation tracking (Tinh/Anh/Tung)
- Interactive exercise and table arrangement (Aiden/Anh/Cong/Tung)",- Share site information with Stride (Anh/Cong),"- Coordinate with CPI and Eurocham on final dates (Tung/Anh)
- Start outline on final reporting (include something about inclusivity, ratio of men/women) (Aiden/Lauren/Tung)
",- Follow up with NREL on grid impact study support (Cong/Tung),- Send official email to NIRAS inquiring about contract,,,,,,,,,,,,
2025-04-28,- Share test evaluation and panel interview feedback (Tinh/Hang/Cong),"- Draft detailed SOW for Ecoplexus site in Khanh Hoa (Cong/Tung/Anh)
- Review and submit BESS policy overview (Cong/Aiden/Lauren)",- Update site analysis package for future RTS or DPPA work (Cong/Aiden),"- Scope 2 target sharing with BIDV (Hang/Aiden/Anh/Cong) 28/4
",,"- Finalize submission and dispatch and receive approval from HP (Hang/Tung) 28-30/4
","- Reminder email (28-) 
- Slides for CEBA (Week of 28/04) (Aiden/Cong)
- Prepare translation for CEBA slide (Tinh/Hang)",,,- Confirm deliverables commited by NREL (Cong/Rob),,,,,,,,,,,,,
2025-04-21,"- Prepare resources for Amazon Device contract kick-off in May (Tung/Cong/Tinh/others)
- Review candidates for next round (Anh/Cong/Hang)
- Labour Day holiday schedule (all)Inte","- Develop outline and early draft for BESS policy overview (Tung/Lauren/Anh/Cong)
- Meeting with Ecoplexus for utility BESS support (Tung/Cong/Anh)
","- Call with senior staff in chargeo of Article 6 transaction under Ministry of Environment and VinGroup 
- Arrange in-person meeting with Idemitsu during CEBA workshop week","- New timeline confirmation (Hang/Tung)
",,"- KBC paperwork minor adjustment (Tung)
- Finalize submission and receive approval from HP (Hang/Tung) 28-30/4
- Finalize senior advisor request for interest and share (Hang/Tung/Michelle)","- Suggestion for speakers and interactive exercise guidance (Anh/Aiden/Hang)
- TransitionZero replacement for policy presentation and coordinators invite (Anh/Tung) 
- Review RTS and DPPA slides for 2025 new policy update (Cong/Anh/Aiden/Tinh)
",- Stride NDA execution (Tung),"-Post-event email (Hang/Anh)
-Post-event workshop report and invoicing (Anh/Lauren/Tung)
- Review CPI Amendment VN (Tung)
- Plan last workshop timing and contact Eurocham (Tung/Anh)
",,"- Submit final report and invoicing - expect delay due to GEAPP staff change? (Cong/Tung/Lauren)
- Post LinkedIN",,,,,,,,,,,,
2025-04-14,"- Candidate assessment and panel (Tung/all) 
- Tara platform","- Start outline on policy summary report 

(Lauren started a draft for a starting point)","- Final call with Amazon Device (Michelle/Tung)
- Tinh market simulation for DPPA - Cong share reading (Cong/Tung/Tinh) ","- New timeline kick-off (Hang/Tung)
- Scope 2 reduction planning (Hang/Tinh/Aiden)
",,- Finalize senior advisor request for interest and share (Hang/Tung/Michelle),"- CEBA Slides for 22/04 (Tung/Cong/Aiden/Tinh)
- Suppliers email confirmation 14-18 (Anh/Tung)
- Speakers email invitiation - GY, SP (Anh/Hang/Tung)
- CEBA interactive exercise start (Tung/Aiden/Hang)
- Dates for 3rd workshop",- Reply REI and plan for Jinquan (Tung),"- Final logistics for Workshop 3 - lunch, attendance, Slido (Anh/Hang) 
- Start outline on Workshop 3 reporting (Anh/Tung)
- Plan last workshop timing and contact Eurocham
- Start outline on final reporting","- Draft Opportunity report (All/Aiden)
- Draft Stakeholder engagement pager (All/Aiden)
- Collect IDICO data for NREL blueprint (Tung)",- Submit final report with all comments addressed (Tung/Cong),,,,,,,,,,,,
2025-04-08,- Tara platform,"- Review and submit landscape report (Tung/Aiden/Lauren)
- Ecoplexus NDA execution (Tung)",- Return Amazon SOW and finalize discussion (Michelle/Tung),"- TCB Invoicing processes (Lauren/Hang)
- Calculate Scope 2 emisison reduction scenarios (Hang/Tinh/Aiden/Tung)",,"- Align with DOAE template and resubmit (Hang/Tung)
- Process payment with KBC (Tung)","- Invitations for speakers and coordinators (Hang/Tung)
- CEBA interactive exericse start (Tung/Aiden/Hang)
- Internal review update CEBA slides for 2025 (Anh/Tinh/Hang/Aiden/Cong)
- CEBA Slides for 22/04 (Tung/Cong/Aiden/Tinh)
",- Update for Jinquan and Stride,"- Draft presentation for workshop (Tung/Cong/Tinh)
- Final preparation for workshop (Hang/Tung)","- Collect data from IDICO (Cong/Tung)
- Draft Opportunity report (All/Aiden)
- Draft Stakeholder engagement pager (All/Aiden)","- Workshop presentation (Cong)
- Submit final report with all comments addressed ",,,,,,,,,,,,
2025-03-31,- Start interviewing Sustainability Analyst candidates (Tung/others),"- Review draft BESS for external submission
","- Update Academy slides for Target  to address comments (Anh/Aiden/Tung)
","- Review data for electricity consumption and understand emission reduction scenario for Scope 1&2 (Cong/Hang)
- SLL coordination for Newtecon and BIDV (Hang/Tung)",,"- Finalize and distribute JD for senior consultant
- Revise proposal to align with template","- Finalize draft agenda/speakers with CEBA (Tung/Anh/Hang/Cong)
",- Compare Stride offer with CAPEX (Cong/Hang),"- Finalize name, invitation and panel discussion for sharing (Tung/Anh/Hang)
- Start preparing slides for workshop (Cong/Tung/Anh) - 16/04","- Summary of practical engagement with IPs - KBC, IDICO, Ecoplexus, others (Tung/others) 
- Collect data for grid impact analysis - contact Mr Tuan (Tung/Cong)
- Collect data for private wire DPPA with industrial park - contact Mr Hien Ecoplexus (Tung/Cong)
- Start coordinating Opportunity Report writing 
- Start coordinating Stakeholder Engagement writing
",- Prepare for April workshop - 09/04 (Cong/Tung),,,,,,,,,,,,
2025-03-24,"- Share office proposal 
- Tung out of office from Thursday
- Svetlana meeting 
- Anh OOO (02/04-11/04)
-","- Complete early draft for BESS landscape for internal review (all)
- Revise internal draft for submission next week","- Collect all relevant docs on power market pricing from NSMO and EVN (Tinh/Anh)
- Academy slides for Target (Aiden/Anh/Tung)
- CEBA DPPA slides for Eric (Cong/Anh/Tung)","- Update financed emission report for resharing with BIDV (Hang/Tung)
- Finalize payment process with TCB (Hang/Lauren)
- Reshare MoU with BIDV and TCB for finalization (Hang/Anh/Tung)
- BIDV Scope 2 (power) Emission Reduction (Hang/Cong/Tung)
- Tara confirmation (Tung)",,"- Finalize senior consultant JD for sharing
- Prep for March 31st workshop - slides, foreiners (Hang/Anh/Tung)","- Confirm venue - 12-13/5 (Anh/Hang/Tung)
- Slide for CEBA webinar - summary of Decree 57, 58 (Tung/Cong/Aiden/Anh)
",- Update from Stride and Jinquan (Anh/Tung),"- Share internal list of invitees and compare with HSBC, CPI (Anh/Tung)
- Finalize invitations for sharing (Anh/Hang)
- Start preparing slides for workshop (Cong/Tung/Anh)","- Summary of practical engagement with IPs - KBC, IDICO, Ecoplexus, others (Tung/others) 
- Draft outline for Opportunity Report (Tung/Aiden/others)
- Start coordinating Opportunity Report writing 
","- Review financial numbers for Nami meeting 
- Final feedback integration and submit report ",,,,,,,,,,,,
2025-03-17,"- Reading and preparation of Monte Carlo simulation for power market (Tinh/Anh/others) - vPPA case, Duke energy analytics, ASEAN Grid modelling TZ, Vietnam Power Market 
- OCR tool for VNmese doc check - software: PDF-XChange editor? LLNP? (Tinh)
- Publish Sustainability Analyst position (all)
- Budget proposal for office package (Hang/Anh)","- Ecoplexus meeting - Tuesday 10.30am? (Tung/Cong)
- PoweRoad meeting - Wednesday 9.30am (Cong/Tung)
- Review and advance drafting BESS landscape report (Tung/Aiden/Anh/Cong/Tung/Tinh)
- Cont. spreadsheet for projects to be supported technically (Tung/Cong)
","- Return Amazon revised contract with further clarification - Chinese speaking member (MIchelle/Tung/others)
- DPPA mechanism internal review Update to related party, Public information if any ????","- Revise MoU with BIDV and TCB for finalization (Hang/Anh/Tung)
- 21/3: Data collection for offices to draft transition roadmap - energy consumption, power device setting, basically energy audit (Hang/Cong/Tung)   
- Update financed emission report with BIDV feedback (Hang/Tung)
- Update target setting report with BIDV feedback (Hang/Anh/Tung)",,"- Submit signed revised proposal to Hai Phong (Hang/Tung)
- Finalize advancement VAT and contract with Hai Phong (Tung/other)
- Discuss potential senior consultant in Hanoi to engage for Hai Phong and NREL thermal component (Hang/Anh/Cong/others) ","- Check Hanna timeline for March and action items (Anh/Tung)
- Agenda review and speakers planning (Tung/Anh/Hang/Cong)
- Internal review update CEBA slides for 2025 (Anh/Tinh/Hang/Aiden/Cong)
- Webinar with CEBA and ACEC for April 22nd (Tung/Cong/Anh/Tinh)",- Collect feedback from Jinquan for next steps  (Cong/Anh),"- Confirm final agenda and continue logistics  (Anh/Hang/Tung)
- Request for travel (Tung)","- Local plan for execution of two deliverables - layout for Opp Report (all)
- NREL topics for technical support - IDICO grid and Ecoplexus physical DPPA 30% Apple/Google investment? (Cong/others)
- Confirm with Michelle on approach (Tung)","- Support with reporting template (Tinh/Anh)
- Finalize and submit report? (Cong/Tung)",,,,,,,,,,,,
2025-03-10,- Meeting rent shortlisting (Hang/Anh/Tinh),"- Review drafting BESS landscape report (Aiden/Anh/Cong/Tung/Tinh)
- Cont. spreadsheet for projects to be supported technically (Cong/Tung)
- ICED Twin Transition work - Saigon Hi-Tech Park (Tung/Cong)
- Ecoplexus outreach (Tung/Cong)","- Complete draft GTB 2025 proposal for sharing (Tung)
- DeepC outreach (Tung)
- Cont. list of carbon clients from database (Tinh/Aiden)
- slides for amazon (Anh/Tung/Cong)","- Review TCB Scope 1&2 report (Tung/Hang)
- Review PowerPoint presentation for BIDV MoU discussion (Tung/Hang/Anh/Tinh)
- Cont. review financed emission report with current data and results (Hang/Tung/Anh)
- Review Excel dashboard for Scope 1&2 data analysis TCB and BIDV (Tinh/Tung/Hang)
",,"- Update dates and share proposal with DONRE contact point (Hang/Tung)
","- Translation turn around and CEBA folders explore (Anh/Tinh)
",- Review and share Jinquan presentation (Anh/Cong/Tung),"- Revise agenda to match with HSBC and energy transition topic (Anh/Tung/Hang)
- Cont. finalize logistics and invitation plan for April workshop (Hang/Anh/Tung)
- HSBC sharing (Tung)
",,- Complete final report and share with NIRAS - update content (Cong/Anh/Tung) ,,,,,,,,,,,,
2025-03-03,"- Check PHL data on electric cooperatives (Cong/Sam/Erik)
- Office rent necessary (Tung/Michelle)","- Start BESS landscape report structure (Tung/Aiden/Anh/Cong/Tinh)
- Begin drafting BESS landscape report (Aiden/Anh/Cong/Tung/Tinh)
- Cont. spreadsheet for projects to be supported technically (Cong/Tung)","- Complete Google BESS pager (Cong/Anh/Tung)
- Update and address Tara's comments for GTB 2025 
- Arrangement for in-person meeting mid-March - Idemitsu/Amazon/BIDV/IFC/carbon (Tung/others)
- Cont. list of carbon clients from database (Tinh/Aiden).","- Review financed emission report with current data and results (Hang/Tung/Anh)
- Outline MOU with BIDV - TCB for 2025 for submission (Hang/Tung/Anh)
- Draft PowerPoint presentation for BIDV MoU discussion (Hang/Anh/Tinh/Tung)
- Excel dashboard for Scope 1&2 data analysis TCB and BIDV (Tinh/Tung/Hang)
",,"- Finalize contract with KBC (Tung)
- Workshop 6/3 (Tung/Hang)
","- Finalize May workshops timing with Hanna (Tung/Anh/Michelle)
- Agenda review and speakers planning (Tung/Anh/Hang/Cong)
- Summary of new Decree 56, 57, 58 (Anh/Cong/Tung)
- Internal review update CEBA slides for 2025 (Anh/Tinh/Hang/Aiden/Cong)
- Draft survey & interview evaluation report for Corrina sharing (Anh/Tinh/Tung)
- Translate DPPA application guidance (Anh/Tinh/Tung)",- Presentation on steps for Jinquan (Anh/Tinh/Cong),"- Confirm changes on final workshop with CPI (Tung/Anh)
- Finalize logistics and invitation plan for April workshop (Hang/Anh/Tung)
- Finalize speakers and agenda with CBI and CPI (all)",,"- Cont. review updated financial reports and Excel file (Tung/Rob/Anh)
- Cashflow table for reporting (Cong/Tung)",,,,,,,,,,,,
2025-02-24,- Philippines team support with AURELCO solar farm project (Erik/Cong/Alnie) ,"- Start email exchange with UL Homer Pro for Professional Plan purchase - 6 or 12 months? (Cong/Tung/Michelle)
- Screen data from IDICO/UDICO and discuss internally  (Cong/Tung/Anh)
- Spreadsheet for projects to be supported technically (Cong/Tung)
","- Internal review BESS and DPPA value proposition - breakdown cost components for Google Device (Michelle/Rob/Cong/Tung)
- Quick bullets on BESS - one pager for Google Device with supplier 7-8MWp rooftop solar also batteries manufacturer (Cong/Anh/Tung)
- List of carbon clients from database (Tinh/Aiden)","- Review drafting financed emission report with current data and results (Hang/Tung/Anh)
- Review general guide for banks' scope 1& 2 assessment (Tung/Hang/Tinh)
- Review Near term target setting and alliance/association membership consideration for BIDV 2 (Tung/Hang/Anh)
- PowerBI/Excel dashboard for data analysis (Tinh/Tung/Hang)
 - TCB collecing data and making report",,"- Share June options with Hai Phong and await response (Hang/Tung)
","- Brainstorm possible dates for 1st, 2nd and 3rd workshop (Anh/Tung)
- Internal review update CEBA slides for 2025 (Anh/Tinh/Hang/Aiden/Cong)
- Share progress of survey and interview with CEBA (Anh/Tinh/Tung)
- Translate DPPA application guidance (Anh/Tinh/Tung)",,"- Cont logistic budgeting for April event (Anh/Hang)
- Brainstorm JD for Sustainability Data Analyst position in Hanoi (Tung/Michelle/others)",,- Review updated financial reports and Excel file (Tung/Rob/Anh),,,,,,,,,,,,
2025-02-17,"- VETS meeting with ECV and Dong Nai
- OIA update for others
","- NDA signing with UDICO/IDICO (Tung)
- Spreadsheet for projects to be supported technically (Cong/Tung)
",- Finalize BESS and DPPA value proposition (Cong/Tung/Tinh/Rob),"- Justify data collection process with BIDV (Hang/Tung)
- Request letter for Scope 3 data (Hang)",,"- Update timeline with Global Advisory and respond to Hai Phong (Hang/Tung)
- Sign the damn contract - not yet (Tung/Marc)","- Cont. update CEBA slides for 2025 - new folder and templates (Anh/Tinh/Hang/Aiden/Cong)
- Cont. survey and interview with CEBA members for M&E (Anh/Tinh/Tung)",,"- Start logistic budgeting for April event (Anh/Hang)
- Start draft agenda for sharing and brainstorm with CPI and CBI (Anh)",,"- Update financial models with feedback from Nami (Cong/Tung/Rob)
- Update financial reports with new results from Excel model (Cong/Tung/Aiden)",,,,,,,,,,,,
2025-02-10,"- VETS connection with Dong Nai (Tung)
","- Coats Phong Phu contact (Aiden/Anh/Tinh)
- IDICO briefing on USAID impact and Allotrope support (Tung)
- PPA cashflow 10 years vs 20 years issue (Cong/Tung/Tinh)
- Business model need feedback from Nami (Tung/Cong/Anh)","- Reconnect with Google/Amazon (Michelle/Tung)
- Finalize 10 carbon clients (Aiden/Tinh/Hang)
- Revise and update BESS, DPPA proposal (Tung/Cong/Rob)
- ClimateWorks Foundation x Hai Phong work? (all)","- Finalize methodology and timeline for Scope 3 assessment (Hang/Tung/Anh)
- Techcombank contract & payment sharing (Tung/Hang)
- Progress update for Tara for GTB 2024 (Hang/Tung/Anh)",, ,"- Interviews invitation and tracking (Anh/Tung)
- Update CEBA slides for 2025 - new folder and templates (Anh/Tinh/Hang/Aiden/Cong)
- Review and share technical requirement for RTS with brands (Tung/Cong)

",,- Finalize arrangements for April and May (Tung/Anh),,,,,,,,,,,,,,
2025-02-03,,"- IDICO/UDICO and Trang Due/KBC draft scope of work (Cong/Anh/Tung)
","- Start discussing GTB 2025 (Tung) 
","- Follow up on TCB progress after Tet (Hang/Tinh)
- Follow up on BIDV progress after Tet (Hang/Tung)
- Update Tara on recent progress and share the brainstorming document internally (Tung)
",,"- Share meeting minute and discuss revision plan (Hang/Tung)
- Collect further documents from Hai Phong - ND117, others (Hang/Tung)
- Revise proposal (Tung/Hang/Anh)","- Follow up on survey and interviews with CEBA and brands (Anh/Aiden/Michelle)
",,"- Reconnect with CBI for meeting (Anh)
- Discuss plan for final 2 workshops","
","- Cashflow models for OPEX business model (Cong/Tung/Anh)
- Support with BESS slides (Anh/Tung/Tinh)
- Address comments from NIRAS in report - remove SAM, meeting minute (Anh/Tung)

",,,,,,,,,,,,
2025-01-20,- Vietcombank payment (Tung),,-US Embassy Regional Climate Officer wanted a brief summary on NREL project: Alan Brinker brinkeraz@state.gov,"- Pending rep email to BIDV (Hang/Tung)
- Kick off meeting with TCB (20/1)
- SLL timeline for Gemadept (Tung/Anh)",,"- Visit Hai Phong and finalize proposal (22/1)
- Discuss DOS/NREL project with KBC & Saigontel rep (Tung)
- Confirm max number of people from HP to join Australia trip (Tung/KBC)",- Corrina Translation?,,- Finalize dates and logistics for two workshops,"- Photos for meetings with IPs (Tung/Cong/Hang)
- Complete local draft for States team handover during Tet
- NREL technical support discussion 
- Hang provincial/corporate list processing (Tinh-1/Tung/Cong)
- Bac Ninh data for industrial parks (Cong/Tinh-2Anh)",,,,,,,,,,,,,
2025-01-13,- Vietcombank issues (Tung),,"- Convergence full proposal (Tung)
- Amaccao and WtE carbon proposal (Tung/Marc) ","- Address questions from BIDV (Tung/Hang)
- Sign contract with TCB and kick-off project (Tung/Hang)
- Brainstorm data collection process with TCB (Hang/Tinh-3/Tung)
- Report handover for BIDV (Hang/Anh)",,"- Finalize international programs and revise proposal for sharing (Hang/Tung)
- Translate Hai Phong proposal v3 (Anh/Tinh/Hang)
- Submit draft final with Hai Phong and arrange for Jan 21/22 for meeting (Hang/Tung)
","- CEBA survey response rate and interview discussion - Michelle email (sent) (Anh)
- CEBA email update draft on current progress and next step (Anh/Tung)
- PDF filename translation for Sarah (due 15/1) (Anh/Tinh)","- Contact developers for Jinquan Peak Outdoor RTS - Stride, CN Green Roof (Cong/Anh)
- Update REI on the OPEX vs CAPEX (Anh)
- Update Peak Outdoor on progress (Anh)",- Setup meeting with CBI and Eurocham for reporting with CPI (Anh/Tung),"- Hang provincial/corporate list processing - cleaning, mapping and visualization (Tinh-1/Tung/Cong)
- Bac Ninh data for industrial parks - review and visualization (Tung/Cong/Anh)
- Industrial estate corporate 3-5 reports data review (Anh/Tinh-2)
- UDICO/KBC/Saigontel meeting arrangement ","- Technical presentation drafting (Cong/Anh)
- Excel final version for sharing with Rob, Svetlana (Cong/Tung)
",,,,,,,,,,,,
2025-01-06,- Email Tet salary ,,"- Convergence full proposal
- DPPA discussion (Tung/Cong/Tinh)","- Review Near term target setting and alliance/association membership consideration for BIDV 2 (Tung/Anh)
- Scope 1 & 2 review and sharing (Tung/Hang)
- Pending receipt and review of data from BIDV (Hang/Tung)
- Finalize arrangement with TCB (Tung)",,"- Desk research international program for green cities tackling Hai Phong's request (Hang/Tinh)
- Revise proposal for sharing (Tung/Hang)
","- CEBA survey response rate and interview discussion 
- Review and update technical requirement for RTS (Cong/Anh)
","- Contact developers for Jinquan Peak Outdoor RTS - Stride, SolarBK, BECIS, Nami, CN Green Roof (Cong/Anh)","- Pick final partner (Eurocham/HSBC/ClimateBondInitiative) for Feb/Mar  and April event and start planning (Tung/Anh/Hang)
- Arrange meeting with Eurocham/CBI (Anh/Tung)","- Review and provide final input/feedback for outline (all)
- Review data sources options & fee structure (Cong/Tung/Michelle)
- Call across timezone 
- Solar + storage, DPPA, EE and Allotrope for introduction to KBC, IDICO, Saigontel (Aiden, Cong, Anh)
- Final review and share Vinh Hoan preFS assessment (Tinh/Anh/Tung)","- Finalize template and start drafting final report (Cong/Tung/Anh)
- Contact Rob, Svetlana for financial report input (Tung)",,,,,,,,,,,,